{"cameraMode":{"drawMode":0,"name":"Shaded","section":"Shading Mode"},"sceneLighting":false,"audioPlay":false,"sceneViewState":{"m_AlwaysRefresh":false,"showFog":true,"showSkybox":false,"showFlares":true,"showImageEffects":true,"showParticleSystems":true,"showVisualEffectGraphs":true,"m_FxEnabled":true},"in2DMode":false,"pivot":{"x":-0.05121409893035889,"y":1.5128097534179688,"z":0.043915748596191409},"rotation":{"x":-0.005916308145970106,"y":-0.9813778400421143,"z":-0.030628830194473268,"w":0.18956054747104646},"size":2.3353731632232668,"orthographic":true}