{"cameraMode":{"drawMode":0,"name":"Shaded","section":"Shading Mode"},"sceneLighting":true,"audioPlay":false,"sceneViewState":{"m_AlwaysRefresh":false,"showFog":true,"showSkybox":true,"showFlares":true,"showImageEffects":true,"showParticleSystems":true,"showVisualEffectGraphs":true,"m_FxEnabled":true},"in2DMode":false,"pivot":{"x":-2.357072591781616,"y":3.0917458534240724,"z":-1.8317842483520508},"rotation":{"x":0.10882695764303208,"y":-0.17148083448410035,"z":0.019062312319874765,"w":0.9789747595787048},"size":3.1437153816223146,"orthographic":false}